{"type":"Topology","arcs":[[[3,151],[0,132],[88,0],[0,-132],[-88,0]],[[0,0],[0,68],[112,0],[0,-68],[-112,0]]],"transform":{"scale":[0.000006313414461191412,0.0000054435817854019],"translate":[164.85987070202194,-20.719102827116906]},"objects":{"foundation":{"type":"GeometryCollection","geometries":[{"arcs":[[0]],"type":"Polygon","properties":{"id":0,"Foundation":"1","width":0.000558,"height":0.000719,"area":0,"perimeter":0.002555}},{"arcs":[[1]],"type":"Polygon","properties":{"id":1,"Foundation":"2","width":0.000707,"height":0.000371,"area":0,"perimeter":0.002157}}]}}}