{"type":"Topology","arcs":[[[641,1092],[0,116],[89,0],[0,-116],[-89,0]],[[639,960],[0,59],[112,0],[0,-59],[-112,0]],[[806,1094],[0,116],[88,0],[0,-116],[-88,0]],[[803,961],[0,60],[112,0],[0,-60],[-112,0]],[[482,1089],[0,116],[89,0],[0,-116],[-89,0]],[[480,957],[0,59],[112,0],[0,-59],[-112,0]],[[655,821],[0,116],[89,0],[0,-116],[-89,0]],[[653,689],[0,60],[112,0],[0,-60],[-112,0]],[[0,1259],[63,1],[32,-587],[-65,-1],[-30,587]],[[593,271],[0,59],[112,0],[0,-59],[-112,0]],[[595,403],[0,116],[89,0],[0,-116],[-89,0]],[[758,272],[0,60],[111,0],[0,-60],[-111,0]],[[760,405],[0,116],[88,0],[0,-116],[-88,0]],[[434,268],[0,59],[112,0],[0,-59],[-112,0]],[[437,400],[0,116],[88,0],[0,-116],[-88,0]],[[607,0],[0,60],[112,0],[0,-60],[-112,0]],[[610,132],[0,116],[88,0],[0,-116],[-88,0]],[[1516,843],[0,60],[112,0],[0,-60],[-112,0]],[[1519,976],[0,115],[88,0],[0,-115],[-88,0]],[[1681,845],[0,60],[112,0],[0,-60],[-112,0]],[[1684,977],[0,116],[88,0],[0,-116],[-88,0]],[[1358,840],[0,60],[112,0],[0,-60],[-112,0]],[[1360,973],[0,116],[89,0],[0,-116],[-89,0]],[[1531,573],[0,59],[112,0],[0,-59],[-112,0]],[[1533,705],[0,116],[89,0],[0,-116],[-89,0]],[[602,1709],[0,60],[112,0],[0,-60],[-112,0]],[[605,1841],[0,116],[88,0],[0,-116],[-88,0]],[[767,1711],[0,60],[112,0],[0,-60],[-112,0]],[[769,1843],[0,116],[89,0],[0,-116],[-89,0]],[[443,1706],[0,60],[112,0],[0,-60],[-112,0]],[[446,1838],[0,116],[88,0],[0,-116],[-88,0]],[[616,1438],[0,60],[112,0],[0,-60],[-112,0]],[[619,1571],[0,116],[88,0],[0,-116],[-88,0]],[[1402,1658],[0,60],[112,0],[0,-60],[-112,0]],[[1405,1790],[0,116],[88,0],[0,-116],[-88,0]],[[1567,1660],[0,59],[112,0],[0,-59],[-112,0]],[[1569,1792],[0,116],[89,0],[0,-116],[-89,0]],[[1243,1655],[0,60],[112,0],[0,-60],[-112,0]],[[1246,1787],[0,116],[88,0],[0,-116],[-88,0]],[[1416,1387],[0,60],[112,0],[0,-60],[-112,0]],[[1419,1520],[0,115],[88,0],[0,-115],[-88,0]]],"transform":{"scale":[0.000006317929793352274,0.0000062050910131176745],"translate":[164.85583553765565,-20.725056748947488]},"objects":{"foundation":{"type":"GeometryCollection","geometries":[{"arcs":[[0]],"type":"Polygon","properties":{"id":22,"width":0.000558,"height":0.000719,"area":0,"perimeter":0.002555,"type":"foundation"}},{"arcs":[[1]],"type":"Polygon","properties":{"id":28,"width":0.000707,"height":0.000371,"area":0,"perimeter":0.002157,"type":"foundation"}},{"arcs":[[2]],"type":"Polygon","properties":{"id":32,"width":0.000558,"height":0.000719,"area":0,"perimeter":0.002555,"type":"foundation"}},{"arcs":[[3]],"type":"Polygon","properties":{"id":38,"width":0.000707,"height":0.000371,"area":0,"perimeter":0.002157,"type":"foundation"}},{"arcs":[[4]],"type":"Polygon","properties":{"id":2,"width":0.000558,"height":0.000719,"area":0,"perimeter":0.002555,"type":"foundation"}},{"arcs":[[5]],"type":"Polygon","properties":{"id":8,"width":0.000707,"height":0.000371,"area":0,"perimeter":0.002157,"type":"foundation"}},{"arcs":[[6]],"type":"Polygon","properties":{"id":12,"width":0.000558,"height":0.000719,"area":0,"perimeter":0.002555,"type":"foundation"}},{"arcs":[[7]],"type":"Polygon","properties":{"id":18,"width":0.000707,"height":0.000371,"area":0,"perimeter":0.002157,"type":"foundation"}},{"arcs":[[8]],"type":"Polygon","properties":{"id":41,"width":null,"height":null,"area":null,"perimeter":null,"type":"road"}},{"arcs":[[9]],"type":"Polygon","properties":{"id":27,"width":0.000707,"height":0.000371,"area":0,"perimeter":0.002157,"type":"foundation"}},{"arcs":[[10]],"type":"Polygon","properties":{"id":23,"width":0.000558,"height":0.000719,"area":0,"perimeter":0.002555,"type":"foundation"}},{"arcs":[[11]],"type":"Polygon","properties":{"id":37,"width":0.000707,"height":0.000371,"area":0,"perimeter":0.002157,"type":"foundation"}},{"arcs":[[12]],"type":"Polygon","properties":{"id":33,"width":0.000558,"height":0.000719,"area":0,"perimeter":0.002555,"type":"foundation"}},{"arcs":[[13]],"type":"Polygon","properties":{"id":7,"width":0.000707,"height":0.000371,"area":0,"perimeter":0.002157,"type":"foundation"}},{"arcs":[[14]],"type":"Polygon","properties":{"id":3,"width":0.000558,"height":0.000719,"area":0,"perimeter":0.002555,"type":"foundation"}},{"arcs":[[15]],"type":"Polygon","properties":{"id":17,"width":0.000707,"height":0.000371,"area":0,"perimeter":0.002157,"type":"foundation"}},{"arcs":[[16]],"type":"Polygon","properties":{"id":11,"width":0.000558,"height":0.000719,"area":0,"perimeter":0.002555,"type":"foundation"}},{"arcs":[[17]],"type":"Polygon","properties":{"id":26,"width":0.000707,"height":0.000371,"area":0,"perimeter":0.002157,"type":"foundation"}},{"arcs":[[18]],"type":"Polygon","properties":{"id":21,"width":0.000558,"height":0.000719,"area":0,"perimeter":0.002555,"type":"foundation"}},{"arcs":[[19]],"type":"Polygon","properties":{"id":36,"width":0.000707,"height":0.000371,"area":0,"perimeter":0.002157,"type":"foundation"}},{"arcs":[[20]],"type":"Polygon","properties":{"id":31,"width":0.000558,"height":0.000719,"area":0,"perimeter":0.002555,"type":"foundation"}},{"arcs":[[21]],"type":"Polygon","properties":{"id":6,"width":0.000707,"height":0.000371,"area":0,"perimeter":0.002157,"type":"foundation"}},{"arcs":[[22]],"type":"Polygon","properties":{"id":1,"width":0.000558,"height":0.000719,"area":0,"perimeter":0.002555,"type":"foundation"}},{"arcs":[[23]],"type":"Polygon","properties":{"id":16,"width":0.000707,"height":0.000371,"area":0,"perimeter":0.002157,"type":"foundation"}},{"arcs":[[24]],"type":"Polygon","properties":{"id":14,"width":0.000558,"height":0.000719,"area":0,"perimeter":0.002555,"type":"foundation"}},{"arcs":[[25]],"type":"Polygon","properties":{"id":30,"width":0.000707,"height":0.000371,"area":0,"perimeter":0.002157,"type":"foundation"}},{"arcs":[[26]],"type":"Polygon","properties":{"id":25,"width":0.000558,"height":0.000719,"area":0,"perimeter":0.002555,"type":"foundation"}},{"arcs":[[27]],"type":"Polygon","properties":{"id":40,"width":0.000707,"height":0.000371,"area":0,"perimeter":0.002157,"type":"foundation"}},{"arcs":[[28]],"type":"Polygon","properties":{"id":35,"width":0.000558,"height":0.000719,"area":0,"perimeter":0.002555,"type":"foundation"}},{"arcs":[[29]],"type":"Polygon","properties":{"id":10,"width":0.000707,"height":0.000371,"area":0,"perimeter":0.002157,"type":"foundation"}},{"arcs":[[30]],"type":"Polygon","properties":{"id":5,"width":0.000558,"height":0.000719,"area":0,"perimeter":0.002555,"type":"foundation"}},{"arcs":[[31]],"type":"Polygon","properties":{"id":20,"width":0.000707,"height":0.000371,"area":0,"perimeter":0.002157,"type":"foundation"}},{"arcs":[[32]],"type":"Polygon","properties":{"id":13,"width":0.000558,"height":0.000719,"area":0,"perimeter":0.002555,"type":"foundation"}},{"arcs":[[33]],"type":"Polygon","properties":{"id":29,"width":0.000707,"height":0.000371,"area":0,"perimeter":0.002157,"type":"foundation"}},{"arcs":[[34]],"type":"Polygon","properties":{"id":24,"width":0.000558,"height":0.000719,"area":0,"perimeter":0.002555,"type":"foundation"}},{"arcs":[[35]],"type":"Polygon","properties":{"id":39,"width":0.000707,"height":0.000371,"area":0,"perimeter":0.002157,"type":"foundation"}},{"arcs":[[36]],"type":"Polygon","properties":{"id":34,"width":0.000558,"height":0.000719,"area":0,"perimeter":0.002555,"type":"foundation"}},{"arcs":[[37]],"type":"Polygon","properties":{"id":9,"width":0.000707,"height":0.000371,"area":0,"perimeter":0.002157,"type":"foundation"}},{"arcs":[[38]],"type":"Polygon","properties":{"id":4,"width":0.000558,"height":0.000719,"area":0,"perimeter":0.002555,"type":"foundation"}},{"arcs":[[39]],"type":"Polygon","properties":{"id":19,"width":0.000707,"height":0.000371,"area":0,"perimeter":0.002157,"type":"foundation"}},{"arcs":[[40]],"type":"Polygon","properties":{"id":15,"width":0.000558,"height":0.000719,"area":0,"perimeter":0.002555,"type":"foundation"}}]}}}